delete from app.FLGTSGMTSCHEDULE;
delete from app.FLGTSGMT;
delete from app.SEATCATEGORY;
-- Order of delete is important because FLGT PK is Foreign Key in tables above
delete from app.FLGT;

insert into app.FLGT (FLGTNO, SCHEDFLGTDT, FLGTTYPE, ACTYPE, UPDATED, UPDTUSER, VERSION) values ('SN 467', '20190109', 'PAX', 'A320', CURRENT_TIMESTAMP, 'INIT', 0);
insert into app.FLGTSGMT (FLGTNO, SCHEDFLGTDT, ARPO, SEQNO, SCHEDFLGTTM, PARKINGLOT, GATE, FLGTSTATUS, PAXEXIT, CHECKINCOUNTER, COMMENT, UPDATED, UPDTUSER, VERSION) values ('SN 467', '20190109', 'BRU', 0, '10:15:00', '', 'A17', 1, '', 'A100-A106', 'Multi destination', CURRENT_TIMESTAMP, 'INIT', 0);
insert into app.FLGTSGMT (FLGTNO, SCHEDFLGTDT, ARPO, SEQNO, SCHEDFLGTTM, PARKINGLOT, GATE, FLGTSTATUS, PAXEXIT, CHECKINCOUNTER, COMMENT, UPDATED, UPDTUSER, VERSION) values ('SN 467', '20190109', 'KGL', 1, '19:35:00', 'F85', '', 1, '3','F20-F22', 'Multi destination', CURRENT_TIMESTAMP, 'INIT', 0);
insert into app.FLGTSGMT (FLGTNO, SCHEDFLGTDT, ARPO, SEQNO, SCHEDFLGTTM, PARKINGLOT, GATE, FLGTSTATUS, PAXEXIT, CHECKINCOUNTER, COMMENT, UPDATED, UPDTUSER, VERSION) values ('SN 467', '20190109', 'EBB', 2, '22:40:00', 'C22', '', 1, '1', '', 'Multi destination', CURRENT_TIMESTAMP, 'INIT', 0);
insert into app.FLGTSGMTSCHEDULE (FLGTNO, SCHEDFLGTDT, ARPO, EAT, EDT, LOT, SAT, SDT, TDT, UPDATED, UPDTUSER, VERSION) values ('SN 467', '20190109', 'BRU', CURRENT_TIMESTAMP, CURRENT_TIMESTAMP, CURRENT_TIMESTAMP, CURRENT_TIMESTAMP, CURRENT_TIMESTAMP, CURRENT_TIMESTAMP, CURRENT_TIMESTAMP, 'INIT', 0);
insert into app.FLGTSGMTSCHEDULE (FLGTNO, SCHEDFLGTDT, ARPO, EAT, EDT, LOT, SAT, SDT, TDT, UPDATED, UPDTUSER, VERSION) values ('SN 467', '20190109', 'KGL', CURRENT_TIMESTAMP, CURRENT_TIMESTAMP, CURRENT_TIMESTAMP, CURRENT_TIMESTAMP, CURRENT_TIMESTAMP, CURRENT_TIMESTAMP, CURRENT_TIMESTAMP, 'INIT', 0);
insert into app.FLGTSGMTSCHEDULE (FLGTNO, SCHEDFLGTDT, ARPO, EAT, EDT, LOT, SAT, SDT, TDT, UPDATED, UPDTUSER, VERSION) values ('SN 467', '20190109', 'EBB', CURRENT_TIMESTAMP, CURRENT_TIMESTAMP, CURRENT_TIMESTAMP, CURRENT_TIMESTAMP, CURRENT_TIMESTAMP, CURRENT_TIMESTAMP, CURRENT_TIMESTAMP, 'INIT', 0);

insert into app.FLGT (FLGTNO, SCHEDFLGTDT, FLGTTYPE, ACTYPE, UPDATED, UPDTUSER, VERSION) values ('EK 85', '20190109', 'PAX', 'A380', CURRENT_TIMESTAMP, 'INIT',0);
insert into app.FLGTSGMT (FLGTNO, SCHEDFLGTDT, ARPO, SEQNO, SCHEDFLGTTM, PARKINGLOT, GATE, FLGTSTATUS, PAXEXIT, CHECKINCOUNTER, COMMENT, UPDATED, UPDTUSER, VERSION) values ('EK 85', '20190109', 'DUS', 0, '10:15:00', '', 'C04', 1, '', 'C122-C127', 'Direct', CURRENT_TIMESTAMP, 'INIT', 0);
insert into app.FLGTSGMT (FLGTNO, SCHEDFLGTDT, ARPO, SEQNO, SCHEDFLGTTM, PARKINGLOT, GATE, FLGTSTATUS, PAXEXIT, CHECKINCOUNTER, COMMENT, UPDATED, UPDTUSER, VERSION) values ('EK 85', '20190109', 'DXB', 1, '19:35:00', '', 'C22', 1, '5', '', 'Direct', CURRENT_TIMESTAMP, 'INIT', 0);
insert into app.FLGTSGMTSCHEDULE (FLGTNO, SCHEDFLGTDT, ARPO, EAT, EDT, LOT, SAT, SDT, TDT, UPDATED, UPDTUSER, VERSION) values ('EK 85', '20190109', 'DUS', CURRENT_TIMESTAMP, CURRENT_TIMESTAMP, CURRENT_TIMESTAMP, CURRENT_TIMESTAMP, CURRENT_TIMESTAMP, CURRENT_TIMESTAMP, CURRENT_TIMESTAMP, 'INIT', 0);
insert into app.FLGTSGMTSCHEDULE (FLGTNO, SCHEDFLGTDT, ARPO, EAT, EDT, LOT, SAT, SDT, TDT, UPDATED, UPDTUSER, VERSION) values ('EK 85', '20190109', 'DXB', CURRENT_TIMESTAMP, CURRENT_TIMESTAMP, CURRENT_TIMESTAMP, CURRENT_TIMESTAMP, CURRENT_TIMESTAMP, CURRENT_TIMESTAMP, CURRENT_TIMESTAMP, 'INIT', 0);

insert into app.FLGT (FLGTNO, SCHEDFLGTDT, FLGTTYPE, ACTYPE, UPDATED, UPDTUSER, VERSION) values ('EK 9994', '20190109', 'FTR', 'B777-200F', CURRENT_TIMESTAMP, 'INIT',0);
insert into app.FLGTSGMT (FLGTNO, SCHEDFLGTDT, ARPO, SEQNO, SCHEDFLGTTM, PARKINGLOT, GATE, FLGTSTATUS, PAXEXIT, CHECKINCOUNTER, COMMENT, UPDATED, UPDTUSER, VERSION) values ('EK 9994', '20190109', 'FRA', 0, '21:05:00', '', 'F07', 1, '', 'F25-F30', 'Direct', CURRENT_TIMESTAMP, 'INIT', 0);
insert into app.FLGTSGMT (FLGTNO, SCHEDFLGTDT, ARPO, SEQNO, SCHEDFLGTTM, PARKINGLOT, GATE, FLGTSTATUS, PAXEXIT, CHECKINCOUNTER, COMMENT, UPDATED, UPDTUSER, VERSION) values ('EK 9994', '20190109', 'DWC', 1, '06:10:00', '', 'C02', 1, '2', '', 'Direct', CURRENT_TIMESTAMP, 'INIT', 0);
insert into app.FLGTSGMTSCHEDULE (FLGTNO, SCHEDFLGTDT, ARPO, EAT, EDT, LOT, SAT, SDT, TDT, UPDATED, UPDTUSER, VERSION) values ('EK 9994', '20190109', 'FRA', CURRENT_TIMESTAMP, CURRENT_TIMESTAMP, CURRENT_TIMESTAMP, CURRENT_TIMESTAMP, CURRENT_TIMESTAMP, CURRENT_TIMESTAMP, CURRENT_TIMESTAMP, 'INIT', 0);
insert into app.FLGTSGMTSCHEDULE (FLGTNO, SCHEDFLGTDT, ARPO, EAT, EDT, LOT, SAT, SDT, TDT, UPDATED, UPDTUSER, VERSION) values ('EK 9994', '20190109', 'DWC', CURRENT_TIMESTAMP, CURRENT_TIMESTAMP, CURRENT_TIMESTAMP, CURRENT_TIMESTAMP, CURRENT_TIMESTAMP, CURRENT_TIMESTAMP, CURRENT_TIMESTAMP, 'INIT', 0);

insert into app.SEATCATEGORY (FLGTNO, SCHEDFLGTDT, CATEGORY, SEATS, UPDATED, UPDTUSER, VERSION) values ('SN 467', '20190109', 'First', 10, CURRENT_TIMESTAMP, 'INIT', 0);
insert into app.SEATCATEGORY (FLGTNO, SCHEDFLGTDT, CATEGORY, SEATS, UPDATED, UPDTUSER, VERSION) values ('SN 467', '20190109', 'Business', 40, CURRENT_TIMESTAMP, 'INIT', 0);
insert into app.SEATCATEGORY (FLGTNO, SCHEDFLGTDT, CATEGORY, SEATS, UPDATED, UPDTUSER, VERSION) values ('SN 467', '20190109', 'Premium Economy', 30, CURRENT_TIMESTAMP, 'INIT', 0);
insert into app.SEATCATEGORY (FLGTNO, SCHEDFLGTDT, CATEGORY, SEATS, UPDATED, UPDTUSER, VERSION) values ('SN 467', '20190109', 'Economy', 160, CURRENT_TIMESTAMP, 'INIT', 0);

insert into app.SEATCATEGORY (FLGTNO, SCHEDFLGTDT, CATEGORY, SEATS, UPDATED, UPDTUSER, VERSION) values ('EK 85', '20190109', 'First', 40, CURRENT_TIMESTAMP, 'INIT', 0);
insert into app.SEATCATEGORY (FLGTNO, SCHEDFLGTDT, CATEGORY, SEATS, UPDATED, UPDTUSER, VERSION) values ('EK 85', '20190109', 'Business', 100, CURRENT_TIMESTAMP, 'INIT', 0);
insert into app.SEATCATEGORY (FLGTNO, SCHEDFLGTDT, CATEGORY, SEATS, UPDATED, UPDTUSER, VERSION) values ('EK 85', '20190109', 'Premium Economy', 40, CURRENT_TIMESTAMP, 'INIT', 0);
insert into app.SEATCATEGORY (FLGTNO, SCHEDFLGTDT, CATEGORY, SEATS, UPDATED, UPDTUSER, VERSION) values ('EK 85', '20190109', 'Economy', 280, CURRENT_TIMESTAMP, 'INIT', 0);
