delete from app.FLGTSGMTSCHEDULE;
delete from app.FLGTSGMT;
delete from app.SEATCATEGORY;
-- Order of delete is important because FLGT PK is Foreign Key in tables above
delete from app.FLGT;

insert into app.FLGT (FLGTNO, SCHEDFLGTDT, FLGTTYPE, ACTYPE, UPDATED, UPDTUSER, VERSION) values ('SN 467', '20190109', 'PAX', 'A320', CURRENT_TIMESTAMP, 'INIT', 0);
insert into app.FLGTSGMT (FLGTNO, SCHEDFLGTDT, ARPO, SEQNO, SCHEDFLGTTM, PARKINGLOT, GATE, FLGTSTATUS, PAXEXIT, CHECKINCOUNTER, COMMENT, UPDATED, UPDTUSER, VERSION) values ('SN 467', '20190109', 'BRU', 0, '10:15:00', '', 'A17', 1, '', 'A100-A106', 'Multi destination', CURRENT_TIMESTAMP, 'INIT', 0);
insert into app.FLGTSGMT (FLGTNO, SCHEDFLGTDT, ARPO, SEQNO, SCHEDFLGTTM, PARKINGLOT, GATE, FLGTSTATUS, PAXEXIT, CHECKINCOUNTER, COMMENT, UPDATED, UPDTUSER, VERSION) values ('SN 467', '20190109', 'KGL', 1, '19:35:00', 'F85', '', 1, '3','F20-F22', 'Multi destination', CURRENT_TIMESTAMP, 'INIT', 0);
insert into app.FLGTSGMT (FLGTNO, SCHEDFLGTDT, ARPO, SEQNO, SCHEDFLGTTM, PARKINGLOT, GATE, FLGTSTATUS, PAXEXIT, CHECKINCOUNTER, COMMENT, UPDATED, UPDTUSER, VERSION) values ('SN 467', '20190109', 'EBB', 2, '22:40:00', 'C22', '', 1, '1', '', 'Multi destination', CURRENT_TIMESTAMP, 'INIT', 0);
insert into app.FLGTSGMTSCHEDULE (FLGTNO, SCHEDFLGTDT, ARPO, EAT, EDT, LOT, SAT, SDT, TDT, UPDATED, UPDTUSER, VERSION) values ('SN 467', '20190109', 'BRU', CURRENT_TIMESTAMP, CURRENT_TIMESTAMP, CURRENT_TIMESTAMP, CURRENT_TIMESTAMP, CURRENT_TIMESTAMP, CURRENT_TIMESTAMP, CURRENT_TIMESTAMP, 'INIT', 0);
insert into app.FLGTSGMTSCHEDULE (FLGTNO, SCHEDFLGTDT, ARPO, EAT, EDT, LOT, SAT, SDT, TDT, UPDATED, UPDTUSER, VERSION) values ('SN 467', '20190109', 'KGL', CURRENT_TIMESTAMP, CURRENT_TIMESTAMP, CURRENT_TIMESTAMP, CURRENT_TIMESTAMP, CURRENT_TIMESTAMP, CURRENT_TIMESTAMP, CURRENT_TIMESTAMP, 'INIT', 0);
insert into app.FLGTSGMTSCHEDULE (FLGTNO, SCHEDFLGTDT, ARPO, EAT, EDT, LOT, SAT, SDT, TDT, UPDATED, UPDTUSER, VERSION) values ('SN 467', '20190109', 'EBB', CURRENT_TIMESTAMP, CURRENT_TIMESTAMP, CURRENT_TIMESTAMP, CURRENT_TIMESTAMP, CURRENT_TIMESTAMP, CURRENT_TIMESTAMP, CURRENT_TIMESTAMP, 'INIT', 0);

insert into app.FLGT (FLGTNO, SCHEDFLGTDT, FLGTTYPE, ACTYPE, UPDATED, UPDTUSER, VERSION) values ('EK 85', '20190109', 'PAX', 'A380', CURRENT_TIMESTAMP, 'INIT',0);
insert into app.FLGTSGMT (FLGTNO, SCHEDFLGTDT, ARPO, SEQNO, SCHEDFLGTTM, PARKINGLOT, GATE, FLGTSTATUS, PAXEXIT, CHECKINCOUNTER, COMMENT, UPDATED, UPDTUSER, VERSION) values ('EK 85', '20190109', 'DXB', 0, '10:15:00', '', 'C04', 1, '', 'C122-C127', 'Direct', CURRENT_TIMESTAMP, 'INIT', 0);
insert into app.FLGTSGMT (FLGTNO, SCHEDFLGTDT, ARPO, SEQNO, SCHEDFLGTTM, PARKINGLOT, GATE, FLGTSTATUS, PAXEXIT, CHECKINCOUNTER, COMMENT, UPDATED, UPDTUSER, VERSION) values ('EK 85', '20190109', 'ZRH', 1, '19:35:00', '', 'C22', 1, 'T3', '', 'Direct', CURRENT_TIMESTAMP, 'INIT', 0);
insert into app.FLGTSGMTSCHEDULE (FLGTNO, SCHEDFLGTDT, ARPO, EAT, EDT, LOT, SAT, SDT, TDT, UPDATED, UPDTUSER, VERSION) values ('EK 85', '20190109', 'DXB', CURRENT_TIMESTAMP, CURRENT_TIMESTAMP, CURRENT_TIMESTAMP, CURRENT_TIMESTAMP, CURRENT_TIMESTAMP, CURRENT_TIMESTAMP, CURRENT_TIMESTAMP, 'INIT', 0);
insert into app.FLGTSGMTSCHEDULE (FLGTNO, SCHEDFLGTDT, ARPO, EAT, EDT, LOT, SAT, SDT, TDT, UPDATED, UPDTUSER, VERSION) values ('EK 85', '20190109', 'ZRH', CURRENT_TIMESTAMP, CURRENT_TIMESTAMP, CURRENT_TIMESTAMP, CURRENT_TIMESTAMP, CURRENT_TIMESTAMP, CURRENT_TIMESTAMP, CURRENT_TIMESTAMP, 'INIT', 0);

insert into app.FLGT (FLGTNO, SCHEDFLGTDT, FLGTTYPE, ACTYPE, UPDATED, UPDTUSER, VERSION) values ('EK 98', '20190109', 'PAX', 'A380', CURRENT_TIMESTAMP, 'INIT',0);
insert into app.FLGTSGMT (FLGTNO, SCHEDFLGTDT, ARPO, SEQNO, SCHEDFLGTTM, PARKINGLOT, GATE, FLGTSTATUS, PAXEXIT, CHECKINCOUNTER, COMMENT, UPDATED, UPDTUSER, VERSION) values ('EK 98', '20190109', 'FCO', 0, '10:15:00', '', 'C04', 1, '', 'C122-C127', 'Direct', CURRENT_TIMESTAMP, 'INIT', 0);
insert into app.FLGTSGMT (FLGTNO, SCHEDFLGTDT, ARPO, SEQNO, SCHEDFLGTTM, PARKINGLOT, GATE, FLGTSTATUS, PAXEXIT, CHECKINCOUNTER, COMMENT, UPDATED, UPDTUSER, VERSION) values ('EK 98', '20190109', 'DXB', 1, '19:35:00', '', 'C22', 1, 'T3', '', 'Direct', CURRENT_TIMESTAMP, 'INIT', 0);
insert into app.FLGTSGMTSCHEDULE (FLGTNO, SCHEDFLGTDT, ARPO, EAT, EDT, LOT, SAT, SDT, TDT, UPDATED, UPDTUSER, VERSION) values ('EK 98', '20190109', 'FCO', CURRENT_TIMESTAMP, CURRENT_TIMESTAMP, CURRENT_TIMESTAMP, CURRENT_TIMESTAMP, CURRENT_TIMESTAMP, CURRENT_TIMESTAMP, CURRENT_TIMESTAMP, 'INIT', 0);
insert into app.FLGTSGMTSCHEDULE (FLGTNO, SCHEDFLGTDT, ARPO, EAT, EDT, LOT, SAT, SDT, TDT, UPDATED, UPDTUSER, VERSION) values ('EK 98', '20190109', 'DXB', CURRENT_TIMESTAMP, CURRENT_TIMESTAMP, CURRENT_TIMESTAMP, CURRENT_TIMESTAMP, CURRENT_TIMESTAMP, CURRENT_TIMESTAMP, CURRENT_TIMESTAMP, 'INIT', 0);

insert into app.FLGT (FLGTNO, SCHEDFLGTDT, FLGTTYPE, ACTYPE, UPDATED, UPDTUSER, VERSION) values ('EK 46', '20190109', 'PAX', 'A380', CURRENT_TIMESTAMP, 'INIT',0);
insert into app.FLGTSGMT (FLGTNO, SCHEDFLGTDT, ARPO, SEQNO, SCHEDFLGTTM, PARKINGLOT, GATE, FLGTSTATUS, PAXEXIT, CHECKINCOUNTER, COMMENT, UPDATED, UPDTUSER, VERSION) values ('EK 46', '20190109', 'FRA', 0, '10:15:00', '', 'C04', 1, '', 'C122-C127', 'Direct', CURRENT_TIMESTAMP, 'INIT', 0);
insert into app.FLGTSGMT (FLGTNO, SCHEDFLGTDT, ARPO, SEQNO, SCHEDFLGTTM, PARKINGLOT, GATE, FLGTSTATUS, PAXEXIT, CHECKINCOUNTER, COMMENT, UPDATED, UPDTUSER, VERSION) values ('EK 46', '20190109', 'DXB', 1, '19:35:00', '', 'C22', 1, 'T3', '', 'Direct', CURRENT_TIMESTAMP, 'INIT', 0);
insert into app.FLGTSGMTSCHEDULE (FLGTNO, SCHEDFLGTDT, ARPO, EAT, EDT, LOT, SAT, SDT, TDT, UPDATED, UPDTUSER, VERSION) values ('EK 46', '20190109', 'FRA', CURRENT_TIMESTAMP, CURRENT_TIMESTAMP, CURRENT_TIMESTAMP, CURRENT_TIMESTAMP, CURRENT_TIMESTAMP, CURRENT_TIMESTAMP, CURRENT_TIMESTAMP, 'INIT', 0);
insert into app.FLGTSGMTSCHEDULE (FLGTNO, SCHEDFLGTDT, ARPO, EAT, EDT, LOT, SAT, SDT, TDT, UPDATED, UPDTUSER, VERSION) values ('EK 46', '20190109', 'DXB', CURRENT_TIMESTAMP, CURRENT_TIMESTAMP, CURRENT_TIMESTAMP, CURRENT_TIMESTAMP, CURRENT_TIMESTAMP, CURRENT_TIMESTAMP, CURRENT_TIMESTAMP, 'INIT', 0);

insert into app.FLGT (FLGTNO, SCHEDFLGTDT, FLGTTYPE, ACTYPE, UPDATED, UPDTUSER, VERSION) values ('EK 762', '20190109', 'PAX', 'A380', CURRENT_TIMESTAMP, 'INIT',0);
insert into app.FLGTSGMT (FLGTNO, SCHEDFLGTDT, ARPO, SEQNO, SCHEDFLGTTM, PARKINGLOT, GATE, FLGTSTATUS, PAXEXIT, CHECKINCOUNTER, COMMENT, UPDATED, UPDTUSER, VERSION) values ('EK 762', '20190109', 'JNB', 0, '10:15:00', '', 'C04', 1, '', 'C122-C127', 'Direct', CURRENT_TIMESTAMP, 'INIT', 0);
insert into app.FLGTSGMT (FLGTNO, SCHEDFLGTDT, ARPO, SEQNO, SCHEDFLGTTM, PARKINGLOT, GATE, FLGTSTATUS, PAXEXIT, CHECKINCOUNTER, COMMENT, UPDATED, UPDTUSER, VERSION) values ('EK 762', '20190109', 'DXB', 1, '19:35:00', '', 'C22', 1, 'T3', '', 'Direct', CURRENT_TIMESTAMP, 'INIT', 0);
insert into app.FLGTSGMTSCHEDULE (FLGTNO, SCHEDFLGTDT, ARPO, EAT, EDT, LOT, SAT, SDT, TDT, UPDATED, UPDTUSER, VERSION) values ('EK 762', '20190109', 'JNB', CURRENT_TIMESTAMP, CURRENT_TIMESTAMP, CURRENT_TIMESTAMP, CURRENT_TIMESTAMP, CURRENT_TIMESTAMP, CURRENT_TIMESTAMP, CURRENT_TIMESTAMP, 'INIT', 0);
insert into app.FLGTSGMTSCHEDULE (FLGTNO, SCHEDFLGTDT, ARPO, EAT, EDT, LOT, SAT, SDT, TDT, UPDATED, UPDTUSER, VERSION) values ('EK 762', '20190109', 'DXB', CURRENT_TIMESTAMP, CURRENT_TIMESTAMP, CURRENT_TIMESTAMP, CURRENT_TIMESTAMP, CURRENT_TIMESTAMP, CURRENT_TIMESTAMP, CURRENT_TIMESTAMP, 'INIT', 0);

insert into app.FLGT (FLGTNO, SCHEDFLGTDT, FLGTTYPE, ACTYPE, UPDATED, UPDTUSER, VERSION) values ('EK 88', '20190109', 'PAX', 'A380', CURRENT_TIMESTAMP, 'INIT',0);
insert into app.FLGTSGMT (FLGTNO, SCHEDFLGTDT, ARPO, SEQNO, SCHEDFLGTTM, PARKINGLOT, GATE, FLGTSTATUS, PAXEXIT, CHECKINCOUNTER, COMMENT, UPDATED, UPDTUSER, VERSION) values ('EK 88', '20190109', 'ZRH', 0, '10:15:00', '', 'C04', 1, '', 'C122-C127', 'Direct', CURRENT_TIMESTAMP, 'INIT', 0);
insert into app.FLGTSGMT (FLGTNO, SCHEDFLGTDT, ARPO, SEQNO, SCHEDFLGTTM, PARKINGLOT, GATE, FLGTSTATUS, PAXEXIT, CHECKINCOUNTER, COMMENT, UPDATED, UPDTUSER, VERSION) values ('EK 88', '20190109', 'DXB', 1, '19:35:00', '', 'C22', 1, 'T3', '', 'Direct', CURRENT_TIMESTAMP, 'INIT', 0);
insert into app.FLGTSGMTSCHEDULE (FLGTNO, SCHEDFLGTDT, ARPO, EAT, EDT, LOT, SAT, SDT, TDT, UPDATED, UPDTUSER, VERSION) values ('EK 88', '20190109', 'ZRH', CURRENT_TIMESTAMP, CURRENT_TIMESTAMP, CURRENT_TIMESTAMP, CURRENT_TIMESTAMP, CURRENT_TIMESTAMP, CURRENT_TIMESTAMP, CURRENT_TIMESTAMP, 'INIT', 0);
insert into app.FLGTSGMTSCHEDULE (FLGTNO, SCHEDFLGTDT, ARPO, EAT, EDT, LOT, SAT, SDT, TDT, UPDATED, UPDTUSER, VERSION) values ('EK 88', '20190109', 'DXB', CURRENT_TIMESTAMP, CURRENT_TIMESTAMP, CURRENT_TIMESTAMP, CURRENT_TIMESTAMP, CURRENT_TIMESTAMP, CURRENT_TIMESTAMP, CURRENT_TIMESTAMP, 'INIT', 0);

insert into app.FLGT (FLGTNO, SCHEDFLGTDT, FLGTTYPE, ACTYPE, UPDATED, UPDTUSER, VERSION) values ('KL 427', '20190109', 'PAX', 'A380', CURRENT_TIMESTAMP, 'INIT',0);
insert into app.FLGTSGMT (FLGTNO, SCHEDFLGTDT, ARPO, SEQNO, SCHEDFLGTTM, PARKINGLOT, GATE, FLGTSTATUS, PAXEXIT, CHECKINCOUNTER, COMMENT, UPDATED, UPDTUSER, VERSION) values ('KL 427', '20190109', 'AMS', 0, '10:15:00', '', 'C04', 1, '', 'C122-C127', 'Direct', CURRENT_TIMESTAMP, 'INIT', 0);
insert into app.FLGTSGMT (FLGTNO, SCHEDFLGTDT, ARPO, SEQNO, SCHEDFLGTTM, PARKINGLOT, GATE, FLGTSTATUS, PAXEXIT, CHECKINCOUNTER, COMMENT, UPDATED, UPDTUSER, VERSION) values ('KL 427', '20190109', 'DXB', 1, '19:35:00', '', 'C22', 1, 'T1', '', 'Direct', CURRENT_TIMESTAMP, 'INIT', 0);
insert into app.FLGTSGMTSCHEDULE (FLGTNO, SCHEDFLGTDT, ARPO, EAT, EDT, LOT, SAT, SDT, TDT, UPDATED, UPDTUSER, VERSION) values ('KL 427', '20190109', 'AMS', CURRENT_TIMESTAMP, CURRENT_TIMESTAMP, CURRENT_TIMESTAMP, CURRENT_TIMESTAMP, CURRENT_TIMESTAMP, CURRENT_TIMESTAMP, CURRENT_TIMESTAMP, 'INIT', 0);
insert into app.FLGTSGMTSCHEDULE (FLGTNO, SCHEDFLGTDT, ARPO, EAT, EDT, LOT, SAT, SDT, TDT, UPDATED, UPDTUSER, VERSION) values ('KL 427', '20190109', 'DXB', CURRENT_TIMESTAMP, CURRENT_TIMESTAMP, CURRENT_TIMESTAMP, CURRENT_TIMESTAMP, CURRENT_TIMESTAMP, CURRENT_TIMESTAMP, CURRENT_TIMESTAMP, 'INIT', 0);

insert into app.FLGT (FLGTNO, SCHEDFLGTDT, FLGTTYPE, ACTYPE, UPDATED, UPDTUSER, VERSION) values ('6E 047', '20190109', 'PAX', 'A380', CURRENT_TIMESTAMP, 'INIT',0);
insert into app.FLGTSGMT (FLGTNO, SCHEDFLGTDT, ARPO, SEQNO, SCHEDFLGTTM, PARKINGLOT, GATE, FLGTSTATUS, PAXEXIT, CHECKINCOUNTER, COMMENT, UPDATED, UPDTUSER, VERSION) values ('6E 047', '20190109', 'ATQ', 0, '10:15:00', '', 'C04', 1, '', 'C122-C127', 'Direct', CURRENT_TIMESTAMP, 'INIT', 0);
insert into app.FLGTSGMT (FLGTNO, SCHEDFLGTDT, ARPO, SEQNO, SCHEDFLGTTM, PARKINGLOT, GATE, FLGTSTATUS, PAXEXIT, CHECKINCOUNTER, COMMENT, UPDATED, UPDTUSER, VERSION) values ('6E 047', '20190109', 'DXB', 1, '19:35:00', '', 'C22', 1, 'T1', '', 'Direct', CURRENT_TIMESTAMP, 'INIT', 0);
insert into app.FLGTSGMTSCHEDULE (FLGTNO, SCHEDFLGTDT, ARPO, EAT, EDT, LOT, SAT, SDT, TDT, UPDATED, UPDTUSER, VERSION) values ('6E 047', '20190109', 'ATQ', CURRENT_TIMESTAMP, CURRENT_TIMESTAMP, CURRENT_TIMESTAMP, CURRENT_TIMESTAMP, CURRENT_TIMESTAMP, CURRENT_TIMESTAMP, CURRENT_TIMESTAMP, 'INIT', 0);
insert into app.FLGTSGMTSCHEDULE (FLGTNO, SCHEDFLGTDT, ARPO, EAT, EDT, LOT, SAT, SDT, TDT, UPDATED, UPDTUSER, VERSION) values ('6E 047', '20190109', 'DXB', CURRENT_TIMESTAMP, CURRENT_TIMESTAMP, CURRENT_TIMESTAMP, CURRENT_TIMESTAMP, CURRENT_TIMESTAMP, CURRENT_TIMESTAMP, CURRENT_TIMESTAMP, 'INIT', 0);

insert into app.FLGT (FLGTNO, SCHEDFLGTDT, FLGTTYPE, ACTYPE, UPDATED, UPDTUSER, VERSION) values ('LH 630', '20190109', 'PAX', 'A380', CURRENT_TIMESTAMP, 'INIT',0);
insert into app.FLGTSGMT (FLGTNO, SCHEDFLGTDT, ARPO, SEQNO, SCHEDFLGTTM, PARKINGLOT, GATE, FLGTSTATUS, PAXEXIT, CHECKINCOUNTER, COMMENT, UPDATED, UPDTUSER, VERSION) values ('LH 630', '20190109', 'FRA', 0, '10:15:00', '', 'C04', 1, '', 'C122-C127', 'Direct', CURRENT_TIMESTAMP, 'INIT', 0);
insert into app.FLGTSGMT (FLGTNO, SCHEDFLGTDT, ARPO, SEQNO, SCHEDFLGTTM, PARKINGLOT, GATE, FLGTSTATUS, PAXEXIT, CHECKINCOUNTER, COMMENT, UPDATED, UPDTUSER, VERSION) values ('LH 630', '20190109', 'DXB', 1, '19:35:00', '', 'C22', 1, 'T1', '', 'Direct', CURRENT_TIMESTAMP, 'INIT', 0);
insert into app.FLGTSGMTSCHEDULE (FLGTNO, SCHEDFLGTDT, ARPO, EAT, EDT, LOT, SAT, SDT, TDT, UPDATED, UPDTUSER, VERSION) values ('LH 630', '20190109', 'FRA', CURRENT_TIMESTAMP, CURRENT_TIMESTAMP, CURRENT_TIMESTAMP, CURRENT_TIMESTAMP, CURRENT_TIMESTAMP, CURRENT_TIMESTAMP, CURRENT_TIMESTAMP, 'INIT', 0);
insert into app.FLGTSGMTSCHEDULE (FLGTNO, SCHEDFLGTDT, ARPO, EAT, EDT, LOT, SAT, SDT, TDT, UPDATED, UPDTUSER, VERSION) values ('LH 630', '20190109', 'DXB', CURRENT_TIMESTAMP, CURRENT_TIMESTAMP, CURRENT_TIMESTAMP, CURRENT_TIMESTAMP, CURRENT_TIMESTAMP, CURRENT_TIMESTAMP, CURRENT_TIMESTAMP, 'INIT', 0);

insert into app.FLGT (FLGTNO, SCHEDFLGTDT, FLGTTYPE, ACTYPE, UPDATED, UPDTUSER, VERSION) values ('CZ 383', '20190109', 'PAX', 'A380', CURRENT_TIMESTAMP, 'INIT',0);
insert into app.FLGTSGMT (FLGTNO, SCHEDFLGTDT, ARPO, SEQNO, SCHEDFLGTTM, PARKINGLOT, GATE, FLGTSTATUS, PAXEXIT, CHECKINCOUNTER, COMMENT, UPDATED, UPDTUSER, VERSION) values ('CZ 383', '20190109', 'CAN', 0, '10:15:00', '', 'C04', 1, '', 'C122-C127', 'Direct', CURRENT_TIMESTAMP, 'INIT', 0);
insert into app.FLGTSGMT (FLGTNO, SCHEDFLGTDT, ARPO, SEQNO, SCHEDFLGTTM, PARKINGLOT, GATE, FLGTSTATUS, PAXEXIT, CHECKINCOUNTER, COMMENT, UPDATED, UPDTUSER, VERSION) values ('CZ 383', '20190109', 'DXB', 1, '19:35:00', '', 'C22', 1, 'T1', '', 'Direct', CURRENT_TIMESTAMP, 'INIT', 0);
insert into app.FLGTSGMTSCHEDULE (FLGTNO, SCHEDFLGTDT, ARPO, EAT, EDT, LOT, SAT, SDT, TDT, UPDATED, UPDTUSER, VERSION) values ('CZ 383', '20190109', 'CAN', CURRENT_TIMESTAMP, CURRENT_TIMESTAMP, CURRENT_TIMESTAMP, CURRENT_TIMESTAMP, CURRENT_TIMESTAMP, CURRENT_TIMESTAMP, CURRENT_TIMESTAMP, 'INIT', 0);
insert into app.FLGTSGMTSCHEDULE (FLGTNO, SCHEDFLGTDT, ARPO, EAT, EDT, LOT, SAT, SDT, TDT, UPDATED, UPDTUSER, VERSION) values ('CZ 383', '20190109', 'DXB', CURRENT_TIMESTAMP, CURRENT_TIMESTAMP, CURRENT_TIMESTAMP, CURRENT_TIMESTAMP, CURRENT_TIMESTAMP, CURRENT_TIMESTAMP, CURRENT_TIMESTAMP, 'INIT', 0);

insert into app.FLGT (FLGTNO, SCHEDFLGTDT, FLGTTYPE, ACTYPE, UPDATED, UPDTUSER, VERSION) values ('EK 76', '20190109', 'PAX', 'A380', CURRENT_TIMESTAMP, 'INIT',0);
insert into app.FLGTSGMT (FLGTNO, SCHEDFLGTDT, ARPO, SEQNO, SCHEDFLGTTM, PARKINGLOT, GATE, FLGTSTATUS, PAXEXIT, CHECKINCOUNTER, COMMENT, UPDATED, UPDTUSER, VERSION) values ('EK 76', '20190109', 'CDG', 0, '10:15:00', '', 'C04', 1, '', 'C122-C127', 'Direct', CURRENT_TIMESTAMP, 'INIT', 0);
insert into app.FLGTSGMT (FLGTNO, SCHEDFLGTDT, ARPO, SEQNO, SCHEDFLGTTM, PARKINGLOT, GATE, FLGTSTATUS, PAXEXIT, CHECKINCOUNTER, COMMENT, UPDATED, UPDTUSER, VERSION) values ('EK 76', '20190109', 'DXB', 1, '19:35:00', '', 'C22', 1, 'T3', '', 'Direct', CURRENT_TIMESTAMP, 'INIT', 0);
insert into app.FLGTSGMTSCHEDULE (FLGTNO, SCHEDFLGTDT, ARPO, EAT, EDT, LOT, SAT, SDT, TDT, UPDATED, UPDTUSER, VERSION) values ('EK 76', '20190109', 'CDG', CURRENT_TIMESTAMP, CURRENT_TIMESTAMP, CURRENT_TIMESTAMP, CURRENT_TIMESTAMP, CURRENT_TIMESTAMP, CURRENT_TIMESTAMP, CURRENT_TIMESTAMP, 'INIT', 0);
insert into app.FLGTSGMTSCHEDULE (FLGTNO, SCHEDFLGTDT, ARPO, EAT, EDT, LOT, SAT, SDT, TDT, UPDATED, UPDTUSER, VERSION) values ('EK 76', '20190109', 'DXB', CURRENT_TIMESTAMP, CURRENT_TIMESTAMP, CURRENT_TIMESTAMP, CURRENT_TIMESTAMP, CURRENT_TIMESTAMP, CURRENT_TIMESTAMP, CURRENT_TIMESTAMP, 'INIT', 0);

insert into app.FLGT (FLGTNO, SCHEDFLGTDT, FLGTTYPE, ACTYPE, UPDATED, UPDTUSER, VERSION) values ('EK 92', '20190109', 'PAX', 'A380', CURRENT_TIMESTAMP, 'INIT',0);
insert into app.FLGTSGMT (FLGTNO, SCHEDFLGTDT, ARPO, SEQNO, SCHEDFLGTTM, PARKINGLOT, GATE, FLGTSTATUS, PAXEXIT, CHECKINCOUNTER, COMMENT, UPDATED, UPDTUSER, VERSION) values ('EK 92', '20190109', 'MXP', 0, '10:15:00', '', 'C04', 1, '', 'C122-C127', 'Direct', CURRENT_TIMESTAMP, 'INIT', 0);
insert into app.FLGTSGMT (FLGTNO, SCHEDFLGTDT, ARPO, SEQNO, SCHEDFLGTTM, PARKINGLOT, GATE, FLGTSTATUS, PAXEXIT, CHECKINCOUNTER, COMMENT, UPDATED, UPDTUSER, VERSION) values ('EK 92', '20190109', 'DXB', 1, '19:35:00', '', 'C22', 1, 'T3', '', 'Direct', CURRENT_TIMESTAMP, 'INIT', 0);
insert into app.FLGTSGMTSCHEDULE (FLGTNO, SCHEDFLGTDT, ARPO, EAT, EDT, LOT, SAT, SDT, TDT, UPDATED, UPDTUSER, VERSION) values ('EK 92', '20190109', 'MXP', CURRENT_TIMESTAMP, CURRENT_TIMESTAMP, CURRENT_TIMESTAMP, CURRENT_TIMESTAMP, CURRENT_TIMESTAMP, CURRENT_TIMESTAMP, CURRENT_TIMESTAMP, 'INIT', 0);
insert into app.FLGTSGMTSCHEDULE (FLGTNO, SCHEDFLGTDT, ARPO, EAT, EDT, LOT, SAT, SDT, TDT, UPDATED, UPDTUSER, VERSION) values ('EK 92', '20190109', 'DXB', CURRENT_TIMESTAMP, CURRENT_TIMESTAMP, CURRENT_TIMESTAMP, CURRENT_TIMESTAMP, CURRENT_TIMESTAMP, CURRENT_TIMESTAMP, CURRENT_TIMESTAMP, 'INIT', 0);

insert into app.FLGT (FLGTNO, SCHEDFLGTDT, FLGTTYPE, ACTYPE, UPDATED, UPDTUSER, VERSION) values ('EK 18', '20190109', 'PAX', 'A380', CURRENT_TIMESTAMP, 'INIT',0);
insert into app.FLGTSGMT (FLGTNO, SCHEDFLGTDT, ARPO, SEQNO, SCHEDFLGTTM, PARKINGLOT, GATE, FLGTSTATUS, PAXEXIT, CHECKINCOUNTER, COMMENT, UPDATED, UPDTUSER, VERSION) values ('EK 18', '20190109', 'MAN', 0, '10:15:00', '', 'C04', 1, '', 'C122-C127', 'Direct', CURRENT_TIMESTAMP, 'INIT', 0);
insert into app.FLGTSGMT (FLGTNO, SCHEDFLGTDT, ARPO, SEQNO, SCHEDFLGTTM, PARKINGLOT, GATE, FLGTSTATUS, PAXEXIT, CHECKINCOUNTER, COMMENT, UPDATED, UPDTUSER, VERSION) values ('EK 18', '20190109', 'DXB', 1, '19:35:00', '', 'C22', 1, 'T3', '', 'Direct', CURRENT_TIMESTAMP, 'INIT', 0);
insert into app.FLGTSGMTSCHEDULE (FLGTNO, SCHEDFLGTDT, ARPO, EAT, EDT, LOT, SAT, SDT, TDT, UPDATED, UPDTUSER, VERSION) values ('EK 18', '20190109', 'MAN', CURRENT_TIMESTAMP, CURRENT_TIMESTAMP, CURRENT_TIMESTAMP, CURRENT_TIMESTAMP, CURRENT_TIMESTAMP, CURRENT_TIMESTAMP, CURRENT_TIMESTAMP, 'INIT', 0);
insert into app.FLGTSGMTSCHEDULE (FLGTNO, SCHEDFLGTDT, ARPO, EAT, EDT, LOT, SAT, SDT, TDT, UPDATED, UPDTUSER, VERSION) values ('EK 18', '20190109', 'DXB', CURRENT_TIMESTAMP, CURRENT_TIMESTAMP, CURRENT_TIMESTAMP, CURRENT_TIMESTAMP, CURRENT_TIMESTAMP, CURRENT_TIMESTAMP, CURRENT_TIMESTAMP, 'INIT', 0);

insert into app.FLGT (FLGTNO, SCHEDFLGTDT, FLGTTYPE, ACTYPE, UPDATED, UPDTUSER, VERSION) values ('EK 36', '20190109', 'PAX', 'A380', CURRENT_TIMESTAMP, 'INIT',0);
insert into app.FLGTSGMT (FLGTNO, SCHEDFLGTDT, ARPO, SEQNO, SCHEDFLGTTM, PARKINGLOT, GATE, FLGTSTATUS, PAXEXIT, CHECKINCOUNTER, COMMENT, UPDATED, UPDTUSER, VERSION) values ('EK 36', '20190109', 'NCL', 0, '10:15:00', '', 'C04', 1, '', 'C122-C127', 'Direct', CURRENT_TIMESTAMP, 'INIT', 0);
insert into app.FLGTSGMT (FLGTNO, SCHEDFLGTDT, ARPO, SEQNO, SCHEDFLGTTM, PARKINGLOT, GATE, FLGTSTATUS, PAXEXIT, CHECKINCOUNTER, COMMENT, UPDATED, UPDTUSER, VERSION) values ('EK 36', '20190109', 'DXB', 1, '19:35:00', '', 'C22', 1, 'T3', '', 'Direct', CURRENT_TIMESTAMP, 'INIT', 0);
insert into app.FLGTSGMTSCHEDULE (FLGTNO, SCHEDFLGTDT, ARPO, EAT, EDT, LOT, SAT, SDT, TDT, UPDATED, UPDTUSER, VERSION) values ('EK 36', '20190109', 'NCL', CURRENT_TIMESTAMP, CURRENT_TIMESTAMP, CURRENT_TIMESTAMP, CURRENT_TIMESTAMP, CURRENT_TIMESTAMP, CURRENT_TIMESTAMP, CURRENT_TIMESTAMP, 'INIT', 0);
insert into app.FLGTSGMTSCHEDULE (FLGTNO, SCHEDFLGTDT, ARPO, EAT, EDT, LOT, SAT, SDT, TDT, UPDATED, UPDTUSER, VERSION) values ('EK 36', '20190109', 'DXB', CURRENT_TIMESTAMP, CURRENT_TIMESTAMP, CURRENT_TIMESTAMP, CURRENT_TIMESTAMP, CURRENT_TIMESTAMP, CURRENT_TIMESTAMP, CURRENT_TIMESTAMP, 'INIT', 0);

insert into app.FLGT (FLGTNO, SCHEDFLGTDT, FLGTTYPE, ACTYPE, UPDATED, UPDTUSER, VERSION) values ('EK 128', '20190109', 'PAX', 'A380', CURRENT_TIMESTAMP, 'INIT',0);
insert into app.FLGTSGMT (FLGTNO, SCHEDFLGTDT, ARPO, SEQNO, SCHEDFLGTTM, PARKINGLOT, GATE, FLGTSTATUS, PAXEXIT, CHECKINCOUNTER, COMMENT, UPDATED, UPDTUSER, VERSION) values ('EK 128', '20190109', 'VIE', 0, '10:15:00', '', 'C04', 1, '', 'C122-C127', 'Direct', CURRENT_TIMESTAMP, 'INIT', 0);
insert into app.FLGTSGMT (FLGTNO, SCHEDFLGTDT, ARPO, SEQNO, SCHEDFLGTTM, PARKINGLOT, GATE, FLGTSTATUS, PAXEXIT, CHECKINCOUNTER, COMMENT, UPDATED, UPDTUSER, VERSION) values ('EK 128', '20190109', 'DXB', 1, '19:35:00', '', 'C22', 1, 'T3', '', 'Direct', CURRENT_TIMESTAMP, 'INIT', 0);
insert into app.FLGTSGMTSCHEDULE (FLGTNO, SCHEDFLGTDT, ARPO, EAT, EDT, LOT, SAT, SDT, TDT, UPDATED, UPDTUSER, VERSION) values ('EK 128', '20190109', 'VIE', CURRENT_TIMESTAMP, CURRENT_TIMESTAMP, CURRENT_TIMESTAMP, CURRENT_TIMESTAMP, CURRENT_TIMESTAMP, CURRENT_TIMESTAMP, CURRENT_TIMESTAMP, 'INIT', 0);
insert into app.FLGTSGMTSCHEDULE (FLGTNO, SCHEDFLGTDT, ARPO, EAT, EDT, LOT, SAT, SDT, TDT, UPDATED, UPDTUSER, VERSION) values ('EK 128', '20190109', 'DXB', CURRENT_TIMESTAMP, CURRENT_TIMESTAMP, CURRENT_TIMESTAMP, CURRENT_TIMESTAMP, CURRENT_TIMESTAMP, CURRENT_TIMESTAMP, CURRENT_TIMESTAMP, 'INIT', 0);

insert into app.FLGT (FLGTNO, SCHEDFLGTDT, FLGTTYPE, ACTYPE, UPDATED, UPDTUSER, VERSION) values ('EK 9994', '20190109', 'FTR', 'B777-200F', CURRENT_TIMESTAMP, 'INIT',0);
insert into app.FLGTSGMT (FLGTNO, SCHEDFLGTDT, ARPO, SEQNO, SCHEDFLGTTM, PARKINGLOT, GATE, FLGTSTATUS, PAXEXIT, CHECKINCOUNTER, COMMENT, UPDATED, UPDTUSER, VERSION) values ('EK 9994', '20190109', 'FRA', 0, '21:05:00', '', 'F07', 1, '', 'F25-F30', 'Direct', CURRENT_TIMESTAMP, 'INIT', 0);
insert into app.FLGTSGMT (FLGTNO, SCHEDFLGTDT, ARPO, SEQNO, SCHEDFLGTTM, PARKINGLOT, GATE, FLGTSTATUS, PAXEXIT, CHECKINCOUNTER, COMMENT, UPDATED, UPDTUSER, VERSION) values ('EK 9994', '20190109', 'DWC', 1, '06:10:00', '', 'C02', 1, '2', '', 'Direct', CURRENT_TIMESTAMP, 'INIT', 0);
insert into app.FLGTSGMTSCHEDULE (FLGTNO, SCHEDFLGTDT, ARPO, EAT, EDT, LOT, SAT, SDT, TDT, UPDATED, UPDTUSER, VERSION) values ('EK 9994', '20190109', 'FRA', CURRENT_TIMESTAMP, CURRENT_TIMESTAMP, CURRENT_TIMESTAMP, CURRENT_TIMESTAMP, CURRENT_TIMESTAMP, CURRENT_TIMESTAMP, CURRENT_TIMESTAMP, 'INIT', 0);
insert into app.FLGTSGMTSCHEDULE (FLGTNO, SCHEDFLGTDT, ARPO, EAT, EDT, LOT, SAT, SDT, TDT, UPDATED, UPDTUSER, VERSION) values ('EK 9994', '20190109', 'DWC', CURRENT_TIMESTAMP, CURRENT_TIMESTAMP, CURRENT_TIMESTAMP, CURRENT_TIMESTAMP, CURRENT_TIMESTAMP, CURRENT_TIMESTAMP, CURRENT_TIMESTAMP, 'INIT', 0);

insert into app.SEATCATEGORY (FLGTNO, SCHEDFLGTDT, CATEGORY, SEATS, UPDATED, UPDTUSER, VERSION) values ('SN 467', '20190109', 'First', 10, CURRENT_TIMESTAMP, 'INIT', 0);
insert into app.SEATCATEGORY (FLGTNO, SCHEDFLGTDT, CATEGORY, SEATS, UPDATED, UPDTUSER, VERSION) values ('SN 467', '20190109', 'Business', 40, CURRENT_TIMESTAMP, 'INIT', 0);
insert into app.SEATCATEGORY (FLGTNO, SCHEDFLGTDT, CATEGORY, SEATS, UPDATED, UPDTUSER, VERSION) values ('SN 467', '20190109', 'Premium Economy', 30, CURRENT_TIMESTAMP, 'INIT', 0);
insert into app.SEATCATEGORY (FLGTNO, SCHEDFLGTDT, CATEGORY, SEATS, UPDATED, UPDTUSER, VERSION) values ('SN 467', '20190109', 'Economy', 160, CURRENT_TIMESTAMP, 'INIT', 0);

insert into app.SEATCATEGORY (FLGTNO, SCHEDFLGTDT, CATEGORY, SEATS, UPDATED, UPDTUSER, VERSION) values ('EK 85', '20190109', 'First', 40, CURRENT_TIMESTAMP, 'INIT', 0);
insert into app.SEATCATEGORY (FLGTNO, SCHEDFLGTDT, CATEGORY, SEATS, UPDATED, UPDTUSER, VERSION) values ('EK 85', '20190109', 'Business', 100, CURRENT_TIMESTAMP, 'INIT', 0);
insert into app.SEATCATEGORY (FLGTNO, SCHEDFLGTDT, CATEGORY, SEATS, UPDATED, UPDTUSER, VERSION) values ('EK 85', '20190109', 'Premium Economy', 40, CURRENT_TIMESTAMP, 'INIT', 0);
insert into app.SEATCATEGORY (FLGTNO, SCHEDFLGTDT, CATEGORY, SEATS, UPDATED, UPDTUSER, VERSION) values ('EK 85', '20190109', 'Economy', 280, CURRENT_TIMESTAMP, 'INIT', 0);
